geracao,melhor,media,pior,diversidade,avaliacoes
0,61.286,47.023,23.739,0.2988,24
1,61.286,51.347,39.588,0.2684,46
2,61.286,54.024,46.235,0.2207,68
3,61.318,55.981,50.129,0.1943,90
4,63.214,57.736,47.790,0.1741,112
5,63.486,59.300,52.455,0.1498,134
6,64.466,58.095,46.568,0.1491,156
7,64.466,59.751,48.600,0.1307,178
8,66.453,59.542,53.198,0.1184,200
9,66.453,60.234,53.420,0.0963,222
10,66.453,60.334,53.487,0.0860,244
11,66.453,60.952,54.062,0.0959,265
12,66.453,61.988,57.894,0.0838,287
13,66.453,60.975,56.681,0.0857,309
14,66.453,61.837,57.122,0.0698,331
15,66.453,62.342,56.853,0.0691,353
16,66.453,61.392,56.348,0.0621,375
17,66.453,61.588,57.391,0.0588,397
18,66.462,62.439,57.577,0.0651,419
19,66.462,62.667,57.991,0.0593,441
20,66.462,62.881,57.528,0.0559,463
21,66.730,63.615,58.844,0.0513,484
22,66.730,62.823,56.108,0.0477,506
23,66.772,62.523,57.225,0.0481,528
24,66.772,63.070,57.844,0.0423,550
25,66.772,62.906,58.034,0.0379,572
26,66.772,63.015,58.973,0.0350,593
27,67.749,64.143,60.860,0.0314,615
28,67.749,62.650,57.650,0.0318,637
29,67.749,63.502,59.982,0.0262,659
